Zipcode,Month,Avg Response Time (hours)
83.0,4,0.0825
83.0,5,0.2654166666666667
83.0,6,1.1813888888888888
10000.0,1,23.121666666666666
10000.0,2,65.84670138888889
10000.0,3,119.02283333333335
10000.0,4,1.5817032967032967
10000.0,5,2.0526671374764596
10000.0,6,14.492174074074073
10000.0,7,92.56072048611111
10000.0,8,93.80285493827161
10000.0,9,49.0428549382716
10001.0,1,51.39680387059503
10001.0,2,61.1756468968969
10001.0,3,111.54866250944822
10001.0,4,156.43145821042282
10001.0,5,194.81619515467173
10001.0,6,147.2490481436966
10001.0,7,59.36483194843933
10001.0,8,93.83906646935505
10001.0,9,101.3495092378753
10002.0,1,48.47425287356322
10002.0,2,74.53407220269479
10002.0,3,86.60456506506506
10002.0,4,62.42243916881998
10002.0,5,104.42437990704101
10002.0,6,106.05447213701433
10002.0,7,115.82923210329952
10002.0,8,112.71553260869565
10002.0,9,93.58758960037237
10003.0,1,49.156225274104216
10003.0,2,71.47294632768362
10003.0,3,94.22057074424583
10003.0,4,110.36474078341014
10003.0,5,169.77298272513545
10003.0,6,208.90073772737233
10003.0,7,114.84970850787951
10003.0,8,126.10663397289042
10003.0,9,153.2733937296417
10004.0,1,24.358199718706047
10004.0,2,41.153843178621656
10004.0,3,167.76002427184469
10004.0,4,80.39293168168167
10004.0,5,147.6239947089947
10004.0,6,132.34258397932817
10004.0,7,78.05760999254288
10004.0,8,100.5728952274422
10004.0,9,205.25870125091978
10005.0,1,15.474201563372416
10005.0,2,43.38635691446842
10005.0,3,81.97806530214424
10005.0,4,126.85807843137255
10005.0,5,243.0890193236715
10005.0,6,262.4152037037037
10005.0,7,122.0721875
10005.0,8,91.06730510752688
10005.0,9,118.15930911680913
10006.0,1,24.665537037037037
10006.0,2,39.11824747474748
10006.0,3,76.8730193236715
10006.0,4,221.13614711934156
10006.0,5,105.69995149911817
10006.0,6,155.01416315049227
10006.0,7,57.78221666666666
10006.0,8,190.17852040816325
10006.0,9,91.60540740740741
10007.0,1,22.467870683183186
10007.0,2,48.655002131287304
10007.0,3,96.12100331674958
10007.0,4,152.85954424484365
10007.0,5,193.1059643062752
10007.0,6,112.22068728522336
10007.0,7,101.86040281973817
10007.0,8,193.9066731872718
10007.0,9,195.6439597505669
10009.0,1,39.390140758873926
10009.0,2,73.08561666666668
10009.0,3,72.59821367905676
10009.0,4,47.699922563736
10009.0,5,70.53722034025895
10009.0,6,104.26340143683767
10009.0,7,126.40384615384616
10009.0,8,85.09338853727145
10009.0,9,114.2784506126217
10010.0,1,57.03667582417582
10010.0,2,91.93332820287306
10010.0,3,87.45558965994464
10010.0,4,89.90184996220711
10010.0,5,210.92824074074073
10010.0,6,102.47597662363067
10010.0,7,119.60027144249514
10010.0,8,121.91664319248827
10010.0,9,133.2509114162628
10011.0,1,48.740551681388496
10011.0,2,85.94115873015873
10011.0,3,101.03178592592592
10011.0,4,111.21537348646724
10011.0,5,149.74353984354283
10011.0,6,167.0119198940748
10011.0,7,163.53638620936047
10011.0,8,149.0930798455406
10011.0,9,109.86985381539127
10012.0,1,45.45226291578203
10012.0,2,64.79535566448803
10012.0,3,101.60731523378583
10012.0,4,122.49252539242843
10012.0,5,160.02269505718954
10012.0,6,160.56500294167085
10012.0,7,137.17975038182513
10012.0,8,153.0148291826309
10012.0,9,190.36576065449012
10013.0,1,52.66754073419709
10013.0,2,66.27387570786955
10013.0,3,112.11364995483288
10013.0,4,101.00942873464724
10013.0,5,89.00057146990741
10013.0,6,159.12522825881908
10013.0,7,107.47147522034389
10013.0,8,108.28229234844943
10013.0,9,97.01426557239057
10014.0,1,64.66484639936166
10014.0,2,71.1990343915344
10014.0,3,121.39795399146861
10014.0,4,123.78271062271062
10014.0,5,101.39562179168738
10014.0,6,145.71360326269763
10014.0,7,115.89443688586546
10014.0,8,154.24709281437126
10014.0,9,193.74956703341485
10016.0,1,41.60460264900662
10016.0,2,60.40637484233459
10016.0,3,78.06265698969646
10016.0,4,91.74075431736722
10016.0,5,182.22415678524376
10016.0,6,172.74486949846468
10016.0,7,121.5187139062139
10016.0,8,137.8014060430962
10016.0,9,202.72467983043285
10017.0,1,52.48374094202899
10017.0,2,68.59849742981416
10017.0,3,116.94474173553718
10017.0,4,257.4119359626802
10017.0,5,320.5042738340192
10017.0,6,192.18711703431373
10017.0,7,189.62672551789078
10017.0,8,176.90228476821193
10017.0,9,189.74561160936722
10018.0,1,47.106471048513306
10018.0,2,55.05727848101266
10018.0,3,146.2430340038314
10018.0,4,133.09475544922913
10018.0,5,363.03094238683127
10018.0,6,176.80671895424837
10018.0,7,80.07198782343988
10018.0,8,80.07094858721054
10018.0,9,94.33283401499659
10019.0,1,50.399721315439486
10019.0,2,69.96655529805588
10019.0,3,89.26238933452169
10019.0,4,143.91532100436024
10019.0,5,61.04819720382634
10019.0,6,186.49258488964347
10019.0,7,95.48192864553857
10019.0,8,91.60065974993348
10019.0,9,104.38518243700321
10020.0,1,53.268680555555555
10020.0,2,103.3148111111111
10020.0,3,47.712180555555555
10020.0,4,0.25125000000000003
10020.0,5,275.89185185185187
10020.0,6,525.2845659722223
10020.0,7,64.54731481481481
10020.0,8,86.56829365079365
10020.0,9,11.198833333333333
10021.0,1,52.359644582470665
10021.0,2,107.45621192621192
10021.0,3,106.92822051573758
10021.0,4,125.93783696338383
10021.0,5,126.10427618697993
10021.0,6,185.04639542483662
10021.0,7,164.52718981481482
10021.0,8,153.75048101265824
10021.0,9,308.0879238181271
10022.0,1,48.11648560981363
10022.0,2,82.35345188284518
10022.0,3,104.27887652875359
10022.0,4,226.51709807073956
10022.0,5,193.77134969325155
10022.0,6,205.4201975431607
10022.0,7,133.72247913686218
10022.0,8,184.6899838566021
10022.0,9,165.51975244674728
10023.0,1,43.84254992867332
10023.0,2,72.83938790954416
10023.0,3,99.05410682516577
10023.0,4,116.5344000394711
10023.0,5,101.11482161400386
10023.0,6,133.34711780455154
10023.0,7,91.00490219092332
10023.0,8,98.77532311062431
10023.0,9,146.77587679269882
10024.0,1,48.696077181208054
10024.0,2,88.74178230632378
10024.0,3,108.23780277777777
10024.0,4,103.63121245623734
10024.0,5,92.22909430727024
10024.0,6,156.55242613797003
10024.0,7,143.71667621335305
10024.0,8,128.26822312801934
10024.0,9,89.51322785757033
10025.0,1,52.99623195380173
10025.0,2,88.38679270315092
10025.0,3,91.16239217065167
10025.0,4,96.87050668943922
10025.0,5,58.17341309497372
10025.0,6,167.36118246318608
10025.0,7,140.0785442759833
10025.0,8,154.94537993866783
10025.0,9,102.29376665965206
10026.0,1,37.478628841607566
10026.0,2,91.5608961474037
10026.0,3,91.86680762852406
10026.0,4,53.45534730660186
10026.0,5,44.95346469728242
10026.0,6,89.33786178861789
10026.0,7,97.41810858752103
10026.0,8,120.12279413812308
10026.0,9,72.22387354300297
10027.0,1,51.5577808767185
10027.0,2,73.82737026691495
10027.0,3,103.23318933644678
10027.0,4,55.20772275086505
10027.0,5,77.60506570733952
10027.0,6,104.38674763508097
10027.0,7,145.33194399277326
10027.0,8,155.10332239181574
10027.0,9,108.9659149543379
10028.0,1,54.76526374859708
10028.0,2,103.62272749570762
10028.0,3,111.37059391534392
10028.0,4,86.38429100059207
10028.0,5,43.82391904570433
10028.0,6,104.17686244597
10028.0,7,111.63435564080704
10028.0,8,98.7226809443031
10028.0,9,182.23023756330056
10029.0,1,45.009927413273005
10029.0,2,80.33374183006535
10029.0,3,68.97423239087303
10029.0,4,57.46667602996255
10029.0,5,57.88091916354557
10029.0,6,90.93274207392797
10029.0,7,125.35934160206719
10029.0,8,98.41428811021264
10029.0,9,135.34125239758873
10030.0,1,62.750417409388
10030.0,2,76.31166195856873
10030.0,3,101.05267535971223
10030.0,4,35.86272500409098
10030.0,5,70.20014402173913
10030.0,6,107.97335133418042
10030.0,7,231.12897442588726
10030.0,8,172.78386832412522
10030.0,9,190.05941455696203
10031.0,1,50.92630026681913
10031.0,2,87.70479291566747
10031.0,3,80.81218112350268
10031.0,4,39.628530497974744
10031.0,5,71.29390142021721
10031.0,6,111.97726607044659
10031.0,7,93.17017758756394
10031.0,8,108.16747335701598
10031.0,9,105.0354330190282
10032.0,1,41.6374589100346
10032.0,2,84.50886757990868
10032.0,3,72.8389140461216
10032.0,4,48.59077782131662
10032.0,5,64.77144559319548
10032.0,6,82.34323290932083
10032.0,7,80.88413889641471
10032.0,8,77.3910146996616
10032.0,9,178.15301698184214
10033.0,1,47.85394864341085
10033.0,2,87.53431457786527
10033.0,3,85.42693785031322
10033.0,4,56.30438940092166
10033.0,5,56.3452917010451
10033.0,6,141.15577063550037
10033.0,7,105.31057761437908
10033.0,8,80.29197778880071
10033.0,9,193.09345113788487
10034.0,1,40.86637636080871
10034.0,2,69.65449115044248
10034.0,3,100.61894108697933
10034.0,4,61.28096361436814
10034.0,5,33.089730950913946
10034.0,6,74.3804158334
10034.0,7,58.143790618818876
10034.0,8,43.70115048820469
10034.0,9,97.62883161512028
10035.0,1,51.81972269950363
10035.0,2,87.69317628401882
10035.0,3,96.1039893162393
10035.0,4,86.30459324061611
10035.0,5,102.85683127572017
10035.0,6,177.76663071422834
10035.0,7,164.9817181398651
10035.0,8,114.84440399137
10035.0,9,120.73424359944508
10036.0,1,53.472889199834164
10036.0,2,91.91502096436058
10036.0,3,151.9741223519239
10036.0,4,201.8802564102564
10036.0,5,143.24806718346252
10036.0,6,164.4525779458964
10036.0,7,87.95973548689139
10036.0,8,144.74531476449275
10036.0,9,116.1008774779277
10037.0,1,62.06852941176471
10037.0,2,58.39508949325895
10037.0,3,76.52325921629286
10037.0,4,39.55113852813853
10037.0,5,34.42047213054639
10037.0,6,98.24435974218571
10037.0,7,159.79138822115385
10037.0,8,157.0881648148148
10037.0,9,82.44093498817968
10038.0,1,20.574394693200666
10038.0,2,39.32146697902722
10038.0,3,79.51163389931487
10038.0,4,88.98626007711182
10038.0,5,51.98943386243386
10038.0,6,124.29845685707399
10038.0,7,102.11253905390538
10038.0,8,90.88688612645794
10038.0,9,150.95147401433692
10039.0,1,47.83365954130483
10039.0,2,133.06754620877967
10039.0,3,99.54624398004816
10039.0,4,44.41221703011423
10039.0,5,64.50171642808453
10039.0,6,160.2587818930041
10039.0,7,146.90590070615363
10039.0,8,155.14287217659137
10039.0,9,122.75654931488263
10040.0,1,36.75928556528994
10040.0,2,64.18475773264304
10040.0,3,61.819381574992484
10040.0,4,37.63940193009911
10040.0,5,27.66636289457733
10040.0,6,73.20147377319472
10040.0,7,38.83529537109887
10040.0,8,52.793781433361275
10040.0,9,145.5139437759482
10041.0,1,0.9603703703703704
10041.0,2,0.0
10041.0,3,520.0544444444445
10041.0,4,0.055
10041.0,6,5.688611111111111
10041.0,7,113.81048611111112
10041.0,8,25.04652777777778
10041.0,9,8.608
10044.0,1,43.919591503267974
10044.0,2,36.10912698412698
10044.0,3,147.5054292929293
10044.0,4,30.69028395061728
10044.0,5,45.55927951388889
10044.0,6,188.89425925925926
10044.0,7,93.29233660130718
10044.0,8,140.48723251028807
10044.0,9,236.45745614035087
10045.0,1,47.85861111111111
10045.0,2,1.5197222222222222
10045.0,3,288.0002777777778
10045.0,4,0.15694444444444444
10045.0,5,0.10319444444444445
10045.0,9,468.97555555555556
10048.0,8,24.20861111111111
10055.0,3,166.79861111111111
10055.0,9,218.31333333333333
10065.0,1,50.28253728560775
10065.0,2,97.33603864734299
10065.0,3,100.35770784081954
10065.0,4,143.87870598591547
10065.0,5,124.72097844112768
10065.0,6,184.16914210704607
10065.0,7,98.68741402116402
10065.0,8,146.74313809933966
10065.0,9,149.69634353741498
10069.0,1,58.94593567251462
10069.0,2,121.15293333333334
10069.0,3,115.09900383141762
10069.0,4,44.99181818181818
10069.0,5,58.68240451388888
10069.0,6,163.28392857142856
10069.0,7,83.30660052910052
10069.0,8,136.50881944444444
10069.0,9,68.34123737373737
10075.0,1,60.91444705268649
10075.0,2,149.94134977938228
10075.0,3,122.23383936261844
10075.0,4,93.21134404583957
10075.0,5,356.4438301404853
10075.0,6,189.11225536616163
10075.0,7,187.32963112305856
10075.0,8,183.2159919191919
10075.0,9,214.25256581494386
10103.0,1,0.7603703703703704
10103.0,2,28.5043253968254
10103.0,3,0.35944444444444446
10103.0,4,1706.8216666666667
10103.0,5,0.021111111111111112
10103.0,6,0.0
10103.0,8,31.811759259259258
10103.0,9,1.219861111111111
10105.0,1,103.34796296296297
10105.0,3,56.496944444444445
10105.0,4,0.12472222222222222
10105.0,5,8.05375
10105.0,6,2159.318888888889
10105.0,7,69.4225
10105.0,8,0.7172222222222222
10105.0,9,0.3226388888888889
10106.0,2,1.3
10106.0,3,66.31666666666666
10106.0,4,0.6466666666666666
10107.0,3,26.98644965277778
10107.0,5,27.411527777777778
10107.0,8,2.859583333333333
10110.0,1,24.721666666666668
10110.0,2,102.08972222222222
10110.0,4,1255.0841666666668
10110.0,7,2.3223611111111113
10111.0,4,357.8675694444445
10111.0,5,0.0575
10111.0,7,3.5005555555555556
10111.0,8,983.7411111111111
10112.0,2,0.15305555555555556
10112.0,3,816.3588888888889
10112.0,4,57.303472222222226
10112.0,6,12.920277777777779
10112.0,7,0.24027777777777778
10112.0,8,425.5566666666667
10112.0,9,225.13722222222225
10115.0,3,159.98694444444445
10115.0,5,346.6045833333334
10115.0,7,121.61666666666666
10115.0,8,439.21333333333337
10118.0,1,131.55784722222222
10118.0,2,80.51666666666667
10118.0,3,34.243611111111115
10118.0,4,2110.947222222222
10118.0,6,623.2755555555556
10118.0,7,22.953611111111112
10118.0,8,34.76833333333333
10119.0,1,125.47236111111111
10119.0,2,28.905388888888886
10119.0,3,25.578125000000004
10119.0,4,877.3844444444445
10119.0,5,5.511277777777778
10119.0,6,0.5584920634920636
10119.0,7,2.2939052287581703
10119.0,8,3.5476262626262622
10119.0,9,7.605194444444443
10120.0,1,9.68925925925926
10120.0,2,18.325
10120.0,3,70.9462962962963
10120.0,4,5.2676388888888885
10120.0,5,841.4775925925925
10120.0,6,0.22231481481481483
10120.0,7,89.53484126984128
10120.0,8,94.25458333333334
10121.0,1,27.69893790849673
10121.0,2,175.32835555555556
10121.0,3,711.343549382716
10121.0,4,747.3793576388889
10121.0,5,1141.9187962962963
10121.0,6,696.1527777777776
10121.0,7,10.785555555555554
10121.0,8,204.836875
10121.0,9,158.16234848484848
10122.0,2,0.7341666666666666
10122.0,3,101.16388888888889
10122.0,4,0.0
10122.0,5,1157.4431944444443
10122.0,7,39.75777777777778
10123.0,1,7.616527777777778
10123.0,2,3.416851851851852
10123.0,4,0.05333333333333334
10123.0,6,1.7075
10123.0,7,0.48125
10123.0,8,0.19
10123.0,9,12.661527777777778
10128.0,1,59.64052947313511
10128.0,2,108.01233293075684
10128.0,3,102.07961964958972
10128.0,4,90.19356069420206
10128.0,5,68.55151666666667
10128.0,6,187.34473475355054
10128.0,7,136.66475404196768
10128.0,8,167.47068862578425
10128.0,9,168.30963425925927
10151.0,1,2.854722222222222
10151.0,7,0.2922222222222222
10151.0,8,0.24481481481481482
10151.0,9,2.2670833333333333
10152.0,1,28.92888888888889
10152.0,2,28.036527777777778
10152.0,3,168.00027777777777
10152.0,6,2240.199722222222
10152.0,9,23.36777777777778
10153.0,6,48.755
10153.0,7,65.66769841269841
10153.0,8,0.19111111111111112
10154.0,1,3.1352777777777776
10154.0,3,41.675370370370366
10154.0,6,761.9572222222223
10154.0,7,550.7473611111111
10154.0,8,32.11361111111111
10154.0,9,0.5769444444444445
10155.0,3,35.92625
10155.0,4,1532.8005555555555
10155.0,6,1.6047222222222222
10155.0,8,0.6133333333333333
10158.0,3,24.0
10158.0,4,1582.8972222222221
10158.0,8,0.07111111111111111
10162.0,1,14.369305555555556
10162.0,3,13.01088888888889
10162.0,4,0.44125000000000003
10162.0,5,18.494027777777777
10162.0,6,0.2689814814814815
10162.0,7,57.79561965811966
10162.0,8,23.00787037037037
10162.0,9,0.15555555555555556
10165.0,1,0.13972222222222222
10165.0,2,484.95324074074074
10165.0,4,0.5296296296296297
10165.0,6,983.1036111111111
10165.0,7,75.98833333333333
10165.0,8,15.597962962962965
10166.0,1,0.44055555555555553
10166.0,5,0.04027777777777778
10168.0,1,2.6025
10168.0,2,256.841875
10168.0,3,102.35388888888889
10168.0,4,328.91270833333334
10168.0,5,1081.7504166666665
10168.0,6,0.3711111111111111
10168.0,7,0.17324074074074072
10168.0,9,16.25111111111111
10169.0,1,6.481450617283951
10169.0,2,3.703494623655914
10169.0,3,13.270291666666665
10169.0,4,24.43040598290598
10169.0,5,13.632499999999999
10169.0,6,13.214706790123456
10169.0,7,11.465277777777779
10169.0,8,17.482722222222225
10169.0,9,14.894390547263681
10170.0,1,121.98333333333333
10170.0,2,72.71666666666667
10170.0,4,0.1688888888888889
10170.0,6,9.895833333333334
10170.0,7,33.86194444444445
10170.0,8,100.70402777777778
10170.0,9,0.12576388888888887
10171.0,1,133.29777777777778
10171.0,3,23.333333333333332
10171.0,5,39.09097222222222
10171.0,9,22.296944444444446
10172.0,1,28.50138888888889
10172.0,2,0.0
10172.0,3,47.79895833333333
10172.0,7,143.8711111111111
10173.0,1,47.89472222222222
10173.0,4,0.44
10173.0,5,30.0
10173.0,7,15.09
10173.0,8,0.6055555555555555
10174.0,4,287.97314814814814
10174.0,5,0.09944444444444445
10174.0,9,95.24277777777777
10175.0,7,2.0052777777777777
10176.0,3,27.095416666666665
10176.0,4,244.04111111111112
10177.0,1,290.57
10177.0,2,1041.8947222222223
10177.0,3,64.86305555555556
10177.0,5,24.555
10177.0,6,0.14722222222222223
10177.0,7,21.18027777777778
10177.0,9,28.6075
10178.0,1,112.91324074074073
10178.0,6,563.9716666666667
10178.0,7,0.21291666666666667
10178.0,8,31.276944444444442
10178.0,9,0.2927777777777778
10179.0,2,59.68277777777778
10179.0,4,1358.2410185185183
10179.0,6,0.3869444444444444
10271.0,2,0.4211111111111111
10271.0,3,15.783333333333333
10271.0,4,2008.1293055555557
10271.0,5,1506.2177777777779
10271.0,6,0.1475
10271.0,7,1.981111111111111
10271.0,8,0.0
10278.0,1,73.83231481481482
10278.0,2,3.7933333333333334
10278.0,3,530.7936111111111
10278.0,4,14.931722222222223
10278.0,5,60.68787037037037
10278.0,6,63.00479166666666
10278.0,7,12.368958333333333
10278.0,8,15.255763888888888
10278.0,9,23.766666666666666
10279.0,1,24.477525252525258
10279.0,2,16.644675925925927
10279.0,3,710.75
10279.0,4,0.21375
10279.0,5,543.9182638888889
10279.0,6,0.17194444444444446
10279.0,7,11.586388888888889
10279.0,8,30.234722222222228
10279.0,9,205.4613888888889
10280.0,1,35.51925675675676
10280.0,2,43.96104166666667
10280.0,3,66.73221014492754
10280.0,4,98.79800438596492
10280.0,5,93.22413956639566
10280.0,6,66.39482193732194
10280.0,7,40.742469135802466
10280.0,8,20.037971576227392
10280.0,9,103.41562260536399
10281.0,1,18.085740740740743
10281.0,2,27.18898148148148
10281.0,3,671.1270833333333
10281.0,4,653.28125
10281.0,5,260.5198888888889
10281.0,6,350.33905555555555
10281.0,7,214.61083333333332
10281.0,8,43.484365079365084
10281.0,9,0.5485416666666667
10282.0,1,23.832542735042736
10282.0,2,92.35930555555557
10282.0,3,119.99921875000001
10282.0,4,51.156466049382715
10282.0,5,27.35423835125448
10282.0,6,63.28651111111111
10282.0,7,51.16553497942387
10282.0,8,54.99505555555557
10282.0,9,152.55225589225589
10301.0,1,52.04968652037617
10301.0,2,88.54350662589195
10301.0,3,69.91830085470086
10301.0,4,88.78571815718156
10301.0,5,82.52612414761332
10301.0,6,79.29412905092593
10301.0,7,119.80044004400439
10301.0,8,158.3184697100201
10301.0,9,171.87469173821077
10302.0,1,53.777089646464646
10302.0,2,73.0541344153142
10302.0,3,145.5516111111111
10302.0,4,113.19456364410388
10302.0,5,83.63331055029794
10302.0,6,101.4355586836837
10302.0,7,188.72082926829268
10302.0,8,170.32533670033672
10302.0,9,195.15382675438596
10303.0,1,49.118656565656565
10303.0,2,65.77547872340425
10303.0,3,85.43916666666667
10303.0,4,57.918717948717955
10303.0,5,94.03584180585815
10303.0,6,89.88487586805556
10303.0,7,137.5017478908634
10303.0,8,192.8764442449631
10303.0,9,151.47135625181318
10304.0,1,41.15299879445449
10304.0,2,78.45621963361211
10304.0,3,99.79484962030376
10304.0,4,77.30902317880795
10304.0,5,128.5887141455314
10304.0,6,120.01243075841178
10304.0,7,125.10715719933417
10304.0,8,175.42534176718644
10304.0,9,277.39718173370505
10305.0,1,41.2177381879543
10305.0,2,71.44853926096998
10305.0,3,81.04066759480244
10305.0,4,49.547740054869685
10305.0,5,79.14022645502645
10305.0,6,94.88815431224424
10305.0,7,101.0661030848688
10305.0,8,167.8943947898676
10305.0,9,194.70741818326948
10306.0,1,49.11152198107958
10306.0,2,60.607130837359094
10306.0,3,73.73408575241909
10306.0,4,96.57115109427609
10306.0,5,82.74888241121779
10306.0,6,75.73554671717172
10306.0,7,100.11377593135657
10306.0,8,166.5189386035313
10306.0,9,281.21993457878534
10307.0,1,71.7634837962963
10307.0,2,73.98419590643275
10307.0,3,112.34766376451078
10307.0,4,126.34142885691446
10307.0,5,72.77328774928775
10307.0,6,60.173431103801164
10307.0,7,64.84040389527459
10307.0,8,126.79941127694859
10307.0,9,174.10032695374798
10308.0,1,43.390802832244006
10308.0,2,64.14318861693862
10308.0,3,103.72374493106246
10308.0,4,89.16019115890084
10308.0,5,56.91002087872186
10308.0,6,76.04204967085577
10308.0,7,59.63132578569661
10308.0,8,126.52798636736367
10308.0,9,255.5577256547165
10309.0,1,63.065791205897845
10309.0,2,73.18024577572965
10309.0,3,103.65350781686209
10309.0,4,85.05525152439024
10309.0,5,88.42352688172043
10309.0,6,99.9272361765219
10309.0,7,93.44695088442383
10309.0,8,163.62484502145287
10309.0,9,245.94595565373916
10310.0,1,40.99067660550459
10310.0,2,60.2388446969697
10310.0,3,80.59757475605917
10310.0,4,72.73564069487445
10310.0,5,73.92981759432979
10310.0,6,70.74775536952478
10310.0,7,99.73335820895524
10310.0,8,141.80016684000694
10310.0,9,196.07266757470697
10312.0,1,47.22517254719901
10312.0,2,59.53815080563948
10312.0,3,100.64752012248469
10312.0,4,94.54986365176151
10312.0,5,75.5893954861111
10312.0,6,103.86671551173195
10312.0,7,108.85791690408358
10312.0,8,136.62051165937956
10312.0,9,258.7415266745121
10314.0,1,45.241712762111355
10314.0,2,64.89185063752277
10314.0,3,77.00948850204169
10314.0,4,95.22280009614065
10314.0,5,96.61206140350878
10314.0,6,86.32846104725415
10314.0,7,106.58037141307973
10314.0,8,121.67152141011444
10314.0,9,209.65838096442423
10451.0,1,46.11666895694281
10451.0,2,81.23572523262179
10451.0,3,87.48625271080496
10451.0,4,96.85544398907103
10451.0,5,94.20993796109993
10451.0,6,199.089136027065
10451.0,7,89.17739881980425
10451.0,8,114.1507600376208
10451.0,9,118.96669265507839
10452.0,1,46.310424787606195
10452.0,2,125.97940140220092
10452.0,3,112.40088885224274
10452.0,4,65.90123474356542
10452.0,5,113.67305361920857
10452.0,6,209.29099112155635
10452.0,7,96.1179759837963
10452.0,8,98.24173432765569
10452.0,9,105.71420658085117
10453.0,1,49.126754238746884
10453.0,2,111.86427955617413
10453.0,3,126.80455001402918
10453.0,4,79.71638159639353
10453.0,5,126.85928995953465
10453.0,6,159.23090651558073
10453.0,7,57.822667748917745
10453.0,8,90.62579611377494
10453.0,9,121.86020326657129
10454.0,1,50.78757420778179
10454.0,2,94.2968070073558
10454.0,3,88.77529619181946
10454.0,4,143.13486845878137
10454.0,5,121.35089874967775
10454.0,6,189.07148493163874
10454.0,7,109.21836876417234
10454.0,8,106.1646240585597
10454.0,9,139.0055074074074
10455.0,1,47.63719452836523
10455.0,2,88.32423087212413
10455.0,3,89.84017418032788
10455.0,4,70.03806294326242
10455.0,5,90.56661933000416
10455.0,6,153.28899967256058
10455.0,7,109.53272624970387
10455.0,8,116.20386849737177
10455.0,9,129.24726935519857
10456.0,1,43.78579575757576
10456.0,2,97.32935008481765
10456.0,3,103.20778260869565
10456.0,4,89.82114374865505
10456.0,5,159.48697699471782
10456.0,6,188.39004265533794
10456.0,7,110.2522269570707
10456.0,8,128.34593122413966
10456.0,9,138.31455769819408
10457.0,1,57.39421623123958
10457.0,2,83.76173737900656
10457.0,3,93.38160806548105
10457.0,4,76.94919073405535
10457.0,5,135.17829825949366
10457.0,6,145.90377896800393
10457.0,7,68.61848956756484
10457.0,8,77.5566889398573
10457.0,9,125.71202615043848
10458.0,1,49.011189999165204
10458.0,2,92.52946683309558
10458.0,3,123.29177872176771
10458.0,4,96.75187568134172
10458.0,5,142.06945881702597
10458.0,6,215.70121856535525
10458.0,7,125.09422133401007
10458.0,8,140.17197075047514
10458.0,9,111.30325304987441
10459.0,1,42.73162558173357
10459.0,2,109.51049973835688
10459.0,3,110.8362501609373
10459.0,4,109.8972520065212
10459.0,5,164.3408413639733
10459.0,6,252.44003600230417
10459.0,7,165.0465620559818
10459.0,8,152.53715070670182
10459.0,9,164.55731831151394
10460.0,1,47.745730027548205
10460.0,2,83.56774172008546
10460.0,3,113.49702772556391
10460.0,4,92.78283579997758
10460.0,5,152.37476739601814
10460.0,6,212.46562247029638
10460.0,7,91.70807402760352
10460.0,8,141.12979552469136
10460.0,9,123.01035617283951
10461.0,1,45.711307092665784
10461.0,2,98.56274506240155
10461.0,3,121.41206205429032
10461.0,4,92.84198105785524
10461.0,5,137.97909376481746
10461.0,6,174.23547289358845
10461.0,7,110.39854875666742
10461.0,8,156.89605551245583
10461.0,9,192.94608811369508
10462.0,1,43.39861279025139
10462.0,2,76.9953591954023
10462.0,3,79.08746532112637
10462.0,4,76.00929727171012
10462.0,5,119.5564789470127
10462.0,6,209.4821885567633
10462.0,7,91.48497450185747
10462.0,8,117.45612178204615
10462.0,9,162.2225186827626
10463.0,1,39.116798180924285
10463.0,2,70.54141606564231
10463.0,3,87.58986510545056
10463.0,4,62.787088501803474
10463.0,5,75.3377832926971
10463.0,6,92.6809580619277
10463.0,7,80.75577786119453
10463.0,8,123.88959670979077
10463.0,9,148.70562654506583
10464.0,1,31.269579037800685
10464.0,2,44.8952619047619
10464.0,3,104.14049349881797
10464.0,4,29.60817562724014
10464.0,5,87.59255391467417
10464.0,6,104.7636936936937
10464.0,7,53.84459419295839
10464.0,8,194.3180825339728
10464.0,9,216.00409574468085
10465.0,1,40.19585273518834
10465.0,2,54.254314236111114
10465.0,3,89.42656240163677
10465.0,4,64.3013037274835
10465.0,5,78.17408889929256
10465.0,6,102.61644055820527
10465.0,7,79.40081643151088
10465.0,8,153.56954223782458
10465.0,9,139.83259345794391
10466.0,1,58.28991694725028
10466.0,2,110.02297960256043
10466.0,3,91.0822936437327
10466.0,4,19.48574955601884
10466.0,5,30.029915296851158
10466.0,6,52.99922747934185
10466.0,7,33.82248889751218
10466.0,8,27.79927058729263
10466.0,9,27.506961912743375
10467.0,1,50.335556021365136
10467.0,2,114.39579331450095
10467.0,3,154.11856523838568
10467.0,4,79.28933954065796
10467.0,5,158.25746309390894
10467.0,6,245.16316147367087
10467.0,7,167.98271608877545
10467.0,8,164.66601350021648
10467.0,9,156.16247155975879
10468.0,1,50.58360337972167
10468.0,2,78.01110749619482
10468.0,3,117.0541202940997
10468.0,4,65.7713359650645
10468.0,5,109.2579196747158
10468.0,6,131.02888133438856
10468.0,7,93.85351458151065
10468.0,8,119.3021442627914
10468.0,9,112.17929017466243
10469.0,1,43.96758010335917
10469.0,2,77.38704890501141
10469.0,3,88.51690408626561
10469.0,4,102.82457085828344
10469.0,5,139.51144877787516
10469.0,6,143.36548229548228
10469.0,7,160.51231247629883
10469.0,8,137.19297919109027
10469.0,9,175.04085253887953
10470.0,1,66.84577950043067
10470.0,2,116.66057765151514
10470.0,3,107.1281439909297
10470.0,4,56.09932015348682
10470.0,5,156.40076841209023
10470.0,6,145.97424738841406
10470.0,7,151.27727213028632
10470.0,8,143.64114136413642
10470.0,9,169.7956588003933
10471.0,1,33.70459304289091
10471.0,2,64.54860665954416
10471.0,3,95.00387001811593
10471.0,4,71.00897512708787
10471.0,5,95.85690887907775
10471.0,6,70.93297598627788
10471.0,7,79.71662785947713
10471.0,8,99.15873611111111
10471.0,9,197.04025910991635
10472.0,1,40.88629251161808
10472.0,2,75.38479192482446
10472.0,3,94.58869030529237
10472.0,4,111.95670704467354
10472.0,5,142.6929026936027
10472.0,6,177.7782697759488
10472.0,7,93.22187933489505
10472.0,8,76.3085626141468
10472.0,9,87.6529250397072
10473.0,1,38.34490084388186
10473.0,2,65.84782027929569
10473.0,3,80.0098228151913
10473.0,4,60.00390498084291
10473.0,5,76.65869487510767
10473.0,6,88.3957605459057
10473.0,7,80.8660484896067
10473.0,8,91.05544658806716
10473.0,9,89.11609238668828
10474.0,1,47.24710239651416
10474.0,2,95.09380430242273
10474.0,3,125.94962860650705
10474.0,4,128.94549226441632
10474.0,5,127.29444787379973
10474.0,6,216.0456682303164
10474.0,7,193.50054750402577
10474.0,8,142.33487640449437
10474.0,9,146.53724499089253
10475.0,1,49.40591993464052
10475.0,2,79.14244892874937
10475.0,3,72.69477626459144
10475.0,4,78.93560098650052
10475.0,5,127.98019165822356
10475.0,6,148.49019861464518
10475.0,7,174.18353131586872
10475.0,8,153.15473680373287
10475.0,9,108.69144019349164
11001.0,1,58.9688446969697
11001.0,2,76.30413194444444
11001.0,3,88.96640096618357
11001.0,4,17.409596560846563
11001.0,5,335.7154268292683
11001.0,6,74.4978263888889
11001.0,7,102.42500597371566
11001.0,8,113.91662144702842
11001.0,9,479.8762560386474
11004.0,1,52.65540334855403
11004.0,2,74.02460249042146
11004.0,3,167.3436543715847
11004.0,4,73.95772168803418
11004.0,5,451.15673671497586
11004.0,6,160.0276509661836
11004.0,7,181.1034563840156
11004.0,8,269.2613242894057
11004.0,9,363.1952430555556
11005.0,1,37.450648148148154
11005.0,3,33.550555555555555
11005.0,4,31.93861111111111
11005.0,5,0.42727777777777776
11005.0,6,10.848194444444443
11005.0,7,158.80916666666667
11005.0,8,293.523125
11005.0,9,0.5223333333333333
11040.0,1,49.475138888888885
11040.0,2,42.693636363636365
11040.0,3,118.38086336336336
11040.0,4,186.5400075075075
11040.0,5,454.37326131687246
11040.0,6,200.75297705314009
11040.0,7,95.24201822916666
11040.0,8,133.0142013888889
11040.0,9,187.20178341384863
11101.0,1,43.50504263060714
11101.0,2,56.2392183524173
11101.0,3,72.30572854883353
11101.0,4,69.91634508164078
11101.0,5,91.89778911564625
11101.0,6,61.37356729136342
11101.0,7,62.38757475649854
11101.0,8,140.30788910862083
11101.0,9,169.65976243504085
11102.0,1,42.358060657596376
11102.0,2,49.74488220815752
11102.0,3,85.75933411443079
11102.0,4,69.34454784733973
11102.0,5,96.25215121136173
11102.0,6,80.75394937749589
11102.0,7,83.26154507591026
11102.0,8,155.77339636633295
11102.0,9,233.20487830033002
11103.0,1,33.26412115505336
11103.0,2,74.76411202869535
11103.0,3,65.00723183088749
11103.0,4,73.51707846952011
11103.0,5,75.77942609792456
11103.0,6,71.9974232055961
11103.0,7,71.240629877369
11103.0,8,179.99247698565617
11103.0,9,332.44548122952887
11104.0,1,47.049040461694574
11104.0,2,99.49019652305367
11104.0,3,115.3320584634221
11104.0,4,74.76712296296296
11104.0,5,81.31644316163411
11104.0,6,62.515530214424956
11104.0,7,101.02193170234455
11104.0,8,221.61961624080527
11104.0,9,201.6403809388605
11105.0,1,44.210629183400265
11105.0,2,68.82385017786147
11105.0,3,69.91663282571912
11105.0,4,80.7943482905983
11105.0,5,78.90464902026275
11105.0,6,68.17319992209562
11105.0,7,57.254891887626265
11105.0,8,171.99783061754633
11105.0,9,313.8591913265306
11106.0,1,41.298670033670035
11106.0,2,62.871537603569145
11106.0,3,82.362315455594
11106.0,4,67.60003092051906
11106.0,5,101.87622138680032
11106.0,6,64.42932632953466
11106.0,7,128.2901116904854
11106.0,8,180.1405227666419
11106.0,9,230.9601045173962
11109.0,1,31.878115079365077
11109.0,2,152.2966840277778
11109.0,3,91.04843434343435
11109.0,4,27.71250816993464
11109.0,5,3.72226738934056
11109.0,6,8.530253944773174
11109.0,7,6.246505132850242
11109.0,8,8.348480312837108
11109.0,9,32.07542471819646
11201.0,1,38.39038600933373
11201.0,2,61.98754808780267
11201.0,3,76.94608367955684
11201.0,4,112.6367251325226
11201.0,5,101.60900248756218
11201.0,6,109.91617077785054
11201.0,7,102.92708770513855
11201.0,8,116.6709439977258
11201.0,9,133.25072564569248
11203.0,1,62.20473893446774
11203.0,2,92.61096361111112
11203.0,3,99.11058335907732
11203.0,4,79.54134973900074
11203.0,5,99.09491226870841
11203.0,6,104.88967601652533
11203.0,7,160.15949780923492
11203.0,8,156.22339405215183
11203.0,9,197.146242974492
11204.0,1,37.59635250635251
11204.0,2,56.88306023565686
11204.0,3,85.84798327529808
11204.0,4,72.24715837282781
11204.0,5,80.42011714877896
11204.0,6,78.9658524188864
11204.0,7,121.2053326988659
11204.0,8,178.89228397016396
11204.0,9,230.13766903073287
11205.0,1,41.27848242811502
11205.0,2,74.71546502474135
11205.0,3,81.37599154391708
11205.0,4,64.37720774647887
11205.0,5,94.04091052694325
11205.0,6,176.3364453477868
11205.0,7,109.94576119010004
11205.0,8,187.31084026989532
11205.0,9,191.44064814814814
11206.0,1,42.82052312599681
11206.0,2,87.47383146972902
11206.0,3,103.79866115520282
11206.0,4,86.139026969613
11206.0,5,73.18626089185032
11206.0,6,86.49383715067704
11206.0,7,124.80936779560308
11206.0,8,121.50462752165939
11206.0,9,158.9989796980739
11207.0,1,49.99828822412156
11207.0,2,78.1146774952919
11207.0,3,96.71110954272969
11207.0,4,81.30281166745024
11207.0,5,121.44149084531144
11207.0,6,112.97247862510544
11207.0,7,167.96715767634856
11207.0,8,161.41320244969378
11207.0,9,159.52844027411962
11208.0,1,50.16449824824824
11208.0,2,85.49264481191375
11208.0,3,79.33255185472072
11208.0,4,90.73517415364583
11208.0,5,94.96706167706168
11208.0,6,93.00734503968253
11208.0,7,115.32758229755179
11208.0,8,136.50569899560577
11208.0,9,129.55516025641026
11209.0,1,39.48652971956504
11209.0,2,66.01852574102963
11209.0,3,80.6574441504997
11209.0,4,58.275894705945134
11209.0,5,67.71924696016771
11209.0,6,120.22288937409024
11209.0,7,104.15998239927505
11209.0,8,140.90932815386645
11209.0,9,234.8767226842227
11210.0,1,68.47923158033478
11210.0,2,111.07934530706838
11210.0,3,94.6514726239031
11210.0,4,90.35850957569754
11210.0,5,81.15869640144878
11210.0,6,137.0686634660977
11210.0,7,192.46938195282132
11210.0,8,181.69326599870718
11210.0,9,278.608576130154
11211.0,1,58.82944333776007
11211.0,2,70.39548522863039
11211.0,3,90.84735085920718
11211.0,4,91.95093594325319
11211.0,5,104.08604692115428
11211.0,6,99.2268079676315
11211.0,7,128.82515646195586
11211.0,8,127.37427441562599
11211.0,9,160.13475898921916
11212.0,1,51.68635119921684
11212.0,2,82.41706376763669
11212.0,3,100.09649749544626
11212.0,4,79.20145367009478
11212.0,5,65.94434953040432
11212.0,6,167.4432330387975
11212.0,7,166.05049781365625
11212.0,8,152.93673614928838
11212.0,9,230.46589929588362
11213.0,1,55.74479988944168
11213.0,2,85.28412610495693
11213.0,3,83.33618151770352
11213.0,4,78.50055159107728
11213.0,5,77.14836607949412
11213.0,6,131.28169343456466
11213.0,7,147.40003443526172
11213.0,8,166.8955230957937
11213.0,9,177.21978741313848
11214.0,1,29.970003855206556
11214.0,2,50.424040831686895
11214.0,3,61.06354751573933
11214.0,4,83.64069331755691
11214.0,5,97.37223750125239
11214.0,6,79.27789559978648
11214.0,7,135.3927536461636
11214.0,8,134.82629533060668
11214.0,9,220.34149132400117
11215.0,1,45.64576571268238
11215.0,2,79.403372605364
11215.0,3,88.03539811066126
11215.0,4,117.1007744883041
11215.0,5,95.69952938927128
11215.0,6,120.8044094619357
11215.0,7,149.05937079309334
11215.0,8,183.82827876616423
11215.0,9,177.38823765221994
11216.0,1,53.10818329278183
11216.0,2,92.23057858944829
11216.0,3,99.0044228670635
11216.0,4,83.34031509539844
11216.0,5,77.91768134522482
11216.0,6,112.87376612412113
11216.0,7,163.8726191608037
11216.0,8,138.04606411983576
11216.0,9,172.69635485957133
11217.0,1,40.230730199798764
11217.0,2,72.6149149738381
11217.0,3,78.66443912303109
11217.0,4,101.18159930139721
11217.0,5,132.70424783027966
11217.0,6,86.59496255941171
11217.0,7,151.30257232994768
11217.0,8,176.43381006370802
11217.0,9,194.92711387736284
11218.0,1,51.76344691619586
11218.0,2,77.16653652547575
11218.0,3,99.35837701075955
11218.0,4,78.21130742821472
11218.0,5,81.58898236027227
11218.0,6,108.25522911338449
11218.0,7,146.51544261294262
11218.0,8,166.98930843308779
11218.0,9,194.94108647273882
11219.0,1,54.021898912473794
11219.0,2,76.8534461688409
11219.0,3,108.18843837803321
11219.0,4,82.01536138411139
11219.0,5,93.614168395574
11219.0,6,111.65147568118157
11219.0,7,138.38244947358527
11219.0,8,143.52932378622145
11219.0,9,160.1195970745889
11220.0,1,37.983806306306306
11220.0,2,74.42781688101032
11220.0,3,79.54556578947368
11220.0,4,118.07283616227278
11220.0,5,94.12455261136712
11220.0,6,80.46312758397933
11220.0,7,89.78065467099402
11220.0,8,115.56538126046092
11220.0,9,171.064701240944
11221.0,1,47.45993914766294
11221.0,2,79.30858344141808
11221.0,3,92.9170319709954
11221.0,4,67.99992520626108
11221.0,5,46.81453122222222
11221.0,6,101.41770643880005
11221.0,7,138.41440074323202
11221.0,8,124.41582419387964
11221.0,9,132.09664811780235
11222.0,1,53.87918183269477
11222.0,2,80.59335363872644
11222.0,3,113.16188478992827
11222.0,4,83.56063455657493
11222.0,5,64.35023080591321
11222.0,6,86.44337762504773
11222.0,7,175.9822360274431
11222.0,8,116.97017651016218
11222.0,9,161.1287318648266
11223.0,1,42.6382420411985
11223.0,2,59.122568988857644
11223.0,3,89.92017331878183
11223.0,4,89.33191624530015
11223.0,5,98.39706001435015
11223.0,6,103.11152059925094
11223.0,7,180.1714823449705
11223.0,8,179.1189620945252
11223.0,9,255.89567516525025
11224.0,1,54.26790352852853
11224.0,2,63.654548488417745
11224.0,3,78.14098636495504
11224.0,4,72.78832536178562
11224.0,5,80.60043859649123
11224.0,6,84.00038634158176
11224.0,7,110.21471719131809
11224.0,8,132.50324203033117
11224.0,9,188.50596261355693
11225.0,1,42.84815697216857
11225.0,2,89.40140960367376
11225.0,3,81.72527818035427
11225.0,4,60.488743488064685
11225.0,5,86.38586386357885
11225.0,6,107.76368518518518
11225.0,7,208.81663384606716
11225.0,8,151.10557079855562
11225.0,9,121.83653040682651
11226.0,1,53.45964301539825
11226.0,2,88.92297209576799
11226.0,3,79.07714610764612
11226.0,4,51.72624966946957
11226.0,5,73.88140573488388
11226.0,6,88.65011781645437
11226.0,7,209.2642889597388
11226.0,8,171.1171277380547
11226.0,9,156.43694862942039
11228.0,1,30.67019789055973
11228.0,2,69.24907388777108
11228.0,3,112.39354204204204
11228.0,4,93.07701945616503
11228.0,5,80.75472102490421
11228.0,6,53.61903028781794
11228.0,7,143.0521156408207
11228.0,8,157.34540605190767
11228.0,9,220.27362695897165
11229.0,1,52.443292193259616
11229.0,2,75.09936494782075
11229.0,3,82.97177033492822
11229.0,4,106.22746650688299
11229.0,5,91.75760241674034
11229.0,6,112.11606440972223
11229.0,7,228.522763663999
11229.0,8,166.6858807151231
11229.0,9,247.89317025358693
11230.0,1,54.59387612293144
11230.0,2,73.62364486638538
11230.0,3,95.30711132812499
11230.0,4,80.91722590953786
11230.0,5,82.47308096879696
11230.0,6,143.46683081570998
11230.0,7,185.00947168068296
11230.0,8,221.16524381368268
11230.0,9,273.20004790439435
11231.0,1,51.093221016874864
11231.0,2,76.68373015873016
11231.0,3,74.59901581356638
11231.0,4,91.0845608828006
11231.0,5,90.16512440582294
11231.0,6,180.54243335824611
11231.0,7,139.42277364066194
11231.0,8,131.81508702756466
11231.0,9,221.73653569372482
11232.0,1,42.85603361513688
11232.0,2,74.7546290398679
11232.0,3,82.75944330132602
11232.0,4,71.73200893997445
11232.0,5,64.82458512379783
11232.0,6,145.11520808561235
11232.0,7,112.67962564238881
11232.0,8,129.60303858901514
11232.0,9,132.9025135891287
11233.0,1,54.18909193185471
11233.0,2,90.1461978645312
11233.0,3,100.98021144636016
11233.0,4,102.51464493497603
11233.0,5,82.93523214805118
11233.0,6,154.72054611340783
11233.0,7,160.6908723905724
11233.0,8,138.67071936163805
11233.0,9,202.7113121709615
11234.0,1,111.59077789208962
11234.0,2,234.89535544654674
11234.0,3,127.79629798379997
11234.0,4,137.09190055440055
11234.0,5,83.30781224245149
11234.0,6,79.81058043322888
11234.0,7,123.63579124930439
11234.0,8,156.70465673259878
11234.0,9,304.58845452334634
11235.0,1,52.26540799529688
11235.0,2,75.25815532750539
11235.0,3,91.92965606060606
11235.0,4,84.6152304258656
11235.0,5,100.59520798436627
11235.0,6,92.8673652061152
11235.0,7,146.05244009001112
11235.0,8,208.76305950500264
11235.0,9,262.7445097784701
11236.0,1,53.894277058432934
11236.0,2,75.27203225806451
11236.0,3,98.17368785452118
11236.0,4,108.9688973765432
11236.0,5,82.66233950617283
11236.0,6,97.79923601032093
11236.0,7,128.99420606512552
11236.0,8,132.75822912835602
11236.0,9,190.4940938430983
11237.0,1,57.67104823685961
11237.0,2,113.42515330039275
11237.0,3,105.47878482152315
11237.0,4,96.29939499953355
11237.0,5,79.73904611823362
11237.0,6,99.5123893717337
11237.0,7,160.01361142948105
11237.0,8,116.85142551892551
11237.0,9,127.48410307285307
11238.0,1,47.1402489140375
11238.0,2,61.7473708576998
11238.0,3,76.6892812203229
11238.0,4,86.89057353670636
11238.0,5,114.24594893923049
11238.0,6,95.443850760076
11238.0,7,133.48808230984702
11238.0,8,164.89052044221947
11238.0,9,130.00607215877045
11239.0,1,57.923225108225104
11239.0,2,75.45391865079365
11239.0,3,48.75060587761675
11239.0,4,71.654275147929
11239.0,5,97.8291245210728
11239.0,6,65.59720766618146
11239.0,7,160.8770205026455
11239.0,8,190.20454590818363
11239.0,9,160.7291373598369
11241.0,3,20.93075396825397
11241.0,4,15.928842592592593
11241.0,5,77.62916666666666
11241.0,6,73.03833333333333
11241.0,7,23.528055555555557
11241.0,8,47.719166666666666
11242.0,1,33.766666666666666
11242.0,2,24.95
11242.0,6,346.7892857142857
11242.0,7,686.1683333333333
11249.0,1,47.541044628751976
11249.0,2,95.38513820132013
11249.0,3,86.39413739783521
11249.0,4,52.240246676891616
11249.0,5,55.791095271617976
11249.0,6,47.58949335492141
11249.0,7,84.83078629500581
11249.0,8,115.80226478312053
11249.0,9,171.42768573698848
11251.0,2,3.7594444444444446
11251.0,3,1.0716666666666668
11251.0,4,0.28305555555555556
11251.0,5,755.4303703703704
11251.0,9,120.85583333333334
11354.0,1,50.34327453987731
11354.0,2,78.33490141955836
11354.0,3,81.1748071364047
11354.0,4,108.21554599532611
11354.0,5,107.48713261648744
11354.0,6,120.53003011141223
11354.0,7,264.58007325210326
11354.0,8,221.55517857142857
11354.0,9,337.40177050532316
11355.0,1,46.96326415226857
11355.0,2,68.89906482698204
11355.0,3,90.78668062534896
11355.0,4,98.28099846894138
11355.0,5,124.32849194729137
11355.0,6,148.70516787190084
11355.0,7,180.4094914057704
11355.0,8,281.06965982461213
11355.0,9,306.2839828517736
11356.0,1,26.555431798530048
11356.0,2,46.65601047443006
11356.0,3,54.416706008583695
11356.0,4,88.62565826330533
11356.0,5,88.20711644444445
11356.0,6,79.85502864972597
11356.0,7,196.1794238816739
11356.0,8,161.50544706322484
11356.0,9,310.91035495716034
11357.0,1,36.39335993565949
11357.0,2,73.4709024691358
11357.0,3,102.2031589958159
11357.0,4,123.48539335434725
11357.0,5,122.05015114379086
11357.0,6,94.58801214217881
11357.0,7,187.8246561541831
11357.0,8,195.46108083749309
11357.0,9,326.7467788210746
11358.0,1,31.950818048910154
11358.0,2,64.17613999508359
11358.0,3,110.33530259017188
11358.0,4,82.83844399277326
11358.0,5,107.78746979681495
11358.0,6,152.45563364242722
11358.0,7,149.11504524886877
11358.0,8,224.50605112680793
11358.0,9,353.0417826949621
11359.0,1,0.029583333333333336
11359.0,4,1.5128703703703705
11359.0,5,88.2811111111111
11359.0,6,4.223657407407408
11359.0,7,748.9635555555557
11359.0,8,55.82675925925926
11359.0,9,24.49972222222222
11360.0,1,37.91890151515152
11360.0,2,88.88386243386243
11360.0,3,109.68109553478712
11360.0,4,52.417019859225746
11360.0,5,87.21315197428834
11360.0,6,160.14057113187954
11360.0,7,381.8354075504075
11360.0,8,180.95284890426757
11360.0,9,691.4248765432098
11361.0,1,50.7809682332463
11361.0,2,83.9469977640179
11361.0,3,82.92014180847515
11361.0,4,133.49974788041052
11361.0,5,164.92257786195287
11361.0,6,130.40421631205675
11361.0,7,171.53566616161615
11361.0,8,193.3778104138852
11361.0,9,391.22235243055553
11362.0,1,52.92208676268861
11362.0,2,105.99684220679012
11362.0,3,91.71009202453988
11362.0,4,167.94837212911236
11362.0,5,237.11351900584796
11362.0,6,116.96225646879756
11362.0,7,216.1575200803213
11362.0,8,220.5673150623886
11362.0,9,411.2341423357664
11363.0,1,54.46111708482676
11363.0,2,74.80735596707818
11363.0,3,105.86600125549279
11363.0,4,227.07976804123712
11363.0,5,194.54054183813443
11363.0,6,266.55616079494126
11363.0,7,469.8193455098935
11363.0,8,188.7726024691358
11363.0,9,845.0466394927536
11364.0,1,57.31792874396135
11364.0,2,84.10626054272093
11364.0,3,113.72510317460318
11364.0,4,134.00017782426778
11364.0,5,175.8725469711694
11364.0,6,102.43551044083527
11364.0,7,210.22909969817016
11364.0,8,184.72750827009145
11364.0,9,344.2001843921009
11365.0,1,37.08788712921066
11365.0,2,62.757272438342234
11365.0,3,77.72447099673202
11365.0,4,78.15983523673566
11365.0,5,83.49716501752215
11365.0,6,112.35301737047021
11365.0,7,125.57646004566209
11365.0,8,132.98269457703526
11365.0,9,260.9801742779912
11366.0,1,16.23878832474859
11366.0,2,28.883985316677627
11366.0,3,38.1048556998557
11366.0,4,40.40857057416268
11366.0,5,26.340837948976166
11366.0,6,34.620930066603236
11366.0,7,90.1091958625292
11366.0,8,51.31183994708995
11366.0,9,91.61293650793651
11367.0,1,48.53054619225968
11367.0,2,137.40355555555556
11367.0,3,91.68668574153553
11367.0,4,132.08371579294428
11367.0,5,103.2085241243331
11367.0,6,91.1044167691677
11367.0,7,74.28332727272728
11367.0,8,199.33308981233242
11367.0,9,310.3212010142923
11368.0,1,29.355432349693867
11368.0,2,61.73755718129835
11368.0,3,66.53749342836922
11368.0,4,58.033651899487914
11368.0,5,68.38253998563782
11368.0,6,61.534423307760555
11368.0,7,99.21835325650729
11368.0,8,100.79015494075067
11368.0,9,177.92494211379642
11369.0,1,35.255858707264956
11369.0,2,69.92056216931216
11369.0,3,97.442948392555
11369.0,4,236.3439119630813
11369.0,5,164.10867961892527
11369.0,6,126.55308753654971
11369.0,7,61.315728862973764
11369.0,8,146.6136532911533
11369.0,9,186.7588180898714
11370.0,1,35.12686868686868
11370.0,2,53.73379126409018
11370.0,3,89.70971721721722
11370.0,4,128.12220765345765
11370.0,5,133.73103374594754
11370.0,6,59.408195830561105
11370.0,7,86.20716656547258
11370.0,8,145.6238375517351
11370.0,9,198.90625102501025
11371.0,1,61.614
11371.0,2,24.16986111111111
11371.0,3,0.043333333333333335
11371.0,4,27.438055555555554
11371.0,5,504.7347222222222
11371.0,6,274.2396527777778
11371.0,8,61.857592592592596
11371.0,9,787.85
11372.0,1,49.06059274755928
11372.0,2,81.6230707070707
11372.0,3,86.1669239158327
11372.0,4,78.67435517143264
11372.0,5,59.248297975394756
11372.0,6,87.69969150733318
11372.0,7,53.53775087351502
11372.0,8,188.41793005708027
11372.0,9,220.62859690378207
11373.0,1,39.32921055301877
11373.0,2,70.62217461069024
11373.0,3,86.38008202099738
11373.0,4,87.77725481481481
11373.0,5,73.0038856775851
11373.0,6,83.8270761210023
11373.0,7,89.78307976909964
11373.0,8,132.76763409961686
11373.0,9,285.53051459293397
11374.0,1,46.08271628910464
11374.0,2,76.83659043441938
11374.0,3,81.32367552334944
11374.0,4,77.41311253561254
11374.0,5,126.46669005416052
11374.0,6,103.48324365342164
11374.0,7,150.2608394338702
11374.0,8,185.94329454787237
11374.0,9,246.05931393678162
11375.0,1,53.696861274991804
11375.0,2,86.15827112827112
11375.0,3,96.8669013350021
11375.0,4,102.47567067067067
11375.0,5,87.68645903795564
11375.0,6,84.62133505206754
11375.0,7,150.22420011497857
11375.0,8,175.02649423898154
11375.0,9,287.2386857680926
11377.0,1,39.1049880917663
11377.0,2,78.67830160378448
11377.0,3,75.77053061990561
11377.0,4,75.17717077175698
11377.0,5,89.81594233235272
11377.0,6,70.28476234032993
11377.0,7,60.8637153190646
11377.0,8,123.94650267118713
11377.0,9,198.74500623651565
11378.0,1,27.01890081799591
11378.0,2,57.14764181467713
11378.0,3,68.43405393349553
11378.0,4,76.00815303804657
11378.0,5,117.88195269882284
11378.0,6,83.24716977466977
11378.0,7,75.98317502696872
11378.0,8,146.97535981697172
11378.0,9,297.8182632193982
11379.0,1,32.429837398373984
11379.0,2,64.08612696850393
11379.0,3,82.50775863954506
11379.0,4,103.11678310886644
11379.0,5,77.70071644237404
11379.0,6,121.2222310522443
11379.0,7,107.34204258565683
11379.0,8,120.3857096900526
11379.0,9,342.74069330734244
11385.0,1,35.93919857667585
11385.0,2,56.39503444496634
11385.0,3,63.669026863572434
11385.0,4,58.33671455439814
11385.0,5,80.4263155919077
11385.0,6,96.51063971360024
11385.0,7,98.6125604715248
11385.0,8,123.59525142450141
11385.0,9,210.32076883507438
11411.0,1,50.19662393162393
11411.0,2,81.9845631424376
11411.0,3,82.51403466483012
11411.0,4,71.9805253968254
11411.0,5,177.11207371794873
11411.0,6,87.03601242690058
11411.0,7,70.61208719135801
11411.0,8,176.5196383556331
11411.0,9,228.61447121820618
11412.0,1,47.49592257415787
11412.0,2,79.52070987654321
11412.0,3,100.13969646338067
11412.0,4,131.27458833487225
11412.0,5,92.70296296296297
11412.0,6,121.20724772018238
11412.0,7,155.12626600698485
11412.0,8,167.85363109694393
11412.0,9,330.36979636863424
11413.0,1,44.66603284832451
11413.0,2,72.85862365591399
11413.0,3,96.92964083510262
11413.0,4,134.96601423182443
11413.0,5,205.79032179395668
11413.0,6,78.74747371495326
11413.0,7,107.90431216931216
11413.0,8,128.41741943241945
11413.0,9,294.31929459064327
11414.0,1,40.01816529492455
11414.0,2,89.07370539334956
11414.0,3,67.08453160919541
11414.0,4,104.76519929453262
11414.0,5,141.5412779173646
11414.0,6,64.60634204050729
11414.0,7,72.1456801573918
11414.0,8,155.11129548913794
11414.0,9,230.6433392664509
11415.0,1,45.326017382413085
11415.0,2,104.84313401187447
11415.0,3,102.95459203980099
11415.0,4,36.06905276615528
11415.0,5,40.79363695090439
11415.0,6,96.68780423280423
11415.0,7,126.70995904558404
11415.0,8,204.9022518690384
11415.0,9,378.51730470645316
11416.0,1,43.05972533632287
11416.0,2,86.11948425624321
11416.0,3,53.666186641697884
11416.0,4,64.24925526024363
11416.0,5,103.10258605851979
11416.0,6,56.76064828253508
11416.0,7,48.797482614193136
11416.0,8,146.19933753553332
11416.0,9,198.90301085176085
11417.0,1,33.324125230202576
11417.0,2,56.91487907306213
11417.0,3,71.89862614237614
11417.0,4,151.71317400734065
11417.0,5,121.48758064516129
11417.0,6,48.28037437068259
11417.0,7,97.91360300925926
11417.0,8,180.4319338356283
11417.0,9,197.430252037752
11418.0,1,47.8409912959381
11418.0,2,98.83910972754363
11418.0,3,75.23036957762558
11418.0,4,73.71034656708596
11418.0,5,135.7428325925926
11418.0,6,88.83782307789102
11418.0,7,84.77682881289309
11418.0,8,180.53050661072973
11418.0,9,252.72216565129096
11419.0,1,36.69764455012078
11419.0,2,54.88526110401589
11419.0,3,53.71358053808526
11419.0,4,98.30825931120461
11419.0,5,107.17525632877873
11419.0,6,66.0473250113999
11419.0,7,38.27140365002684
11419.0,8,147.3565874911536
11419.0,9,167.21560250391235
11420.0,1,30.552374512670564
11420.0,2,56.069534778681124
11420.0,3,65.3371510270775
11420.0,4,121.47591021324355
11420.0,5,147.44358397365534
11420.0,6,75.51678188881345
11420.0,7,50.44487606258934
11420.0,8,151.37589108339108
11420.0,9,250.26112578113094
11421.0,1,33.740166753067214
11421.0,2,67.73457326213229
11421.0,3,109.5730009283062
11421.0,4,73.16576632942846
11421.0,5,88.69533096340388
11421.0,6,134.78725132833256
11421.0,7,39.69136907620877
11421.0,8,123.46375169922014
11421.0,9,177.79040278805823
11422.0,1,47.358528074337684
11422.0,2,79.67013227513227
11422.0,3,76.43041044776119
11422.0,4,140.4478367003367
11422.0,5,166.22794738663896
11422.0,6,98.39277725856698
11422.0,7,77.10151492537314
11422.0,8,164.46218622745783
11422.0,9,275.1951663156047
11423.0,1,36.14613522954092
11423.0,2,77.71835106382979
11423.0,3,99.22963620071685
11423.0,4,127.4216031323877
11423.0,5,109.56435504469987
11423.0,6,120.36197688888889
11423.0,7,119.046314499484
11423.0,8,148.67262206314246
11423.0,9,241.02392122984227
11426.0,1,48.68672668038408
11426.0,2,102.81599715099715
11426.0,3,123.3875014392631
11426.0,4,117.99283290924511
11426.0,5,231.80975959143
11426.0,6,184.20923841059604
11426.0,7,166.8314845826688
11426.0,8,190.9056997658578
11426.0,9,347.21413516609397
11427.0,1,53.04475263584752
11427.0,2,89.93909305555555
11427.0,3,99.04769089574155
11427.0,4,193.57334157250472
11427.0,5,131.62479453627182
11427.0,6,179.1260153256705
11427.0,7,91.53969821673525
11427.0,8,210.124975
11427.0,9,368.4574767225326
11428.0,1,36.75657811741873
11428.0,2,59.37590586419753
11428.0,3,60.64621655328798
11428.0,4,57.35619301994302
11428.0,5,259.34290442741593
11428.0,6,162.40511154855642
11428.0,7,157.5993167821401
11428.0,8,176.99272345223454
11428.0,9,361.56741618176784
11429.0,1,44.31133913764511
11429.0,2,95.31879983036471
11429.0,3,73.9534248366013
11429.0,4,88.00145534290272
11429.0,5,123.68804102067183
11429.0,6,82.34635009310986
11429.0,7,76.78109761163032
11429.0,8,152.29327743378053
11429.0,9,254.17024473358117
11430.0,1,43.759259966072946
11430.0,2,287.4449915824916
11430.0,3,537.2130373831776
11430.0,4,1340.942235042735
11430.0,5,1628.2456602914392
11430.0,6,1281.7206970649895
11430.0,7,142.95788194444447
11430.0,8,184.1508237547893
11430.0,9,527.0969791666666
11432.0,1,44.672942138926075
11432.0,2,78.40812867647058
11432.0,3,104.8516359575656
11432.0,4,121.6393161634103
11432.0,5,136.4971390458255
11432.0,6,89.32720510223766
11432.0,7,88.86216072623829
11432.0,8,157.18215980024968
11432.0,9,276.38151679221596
11433.0,1,42.121024590163934
11433.0,2,66.54002140974967
11433.0,3,71.82420798898072
11433.0,4,110.82916298261127
11433.0,5,137.24150591370983
11433.0,6,85.80738517801441
11433.0,7,138.85526882480445
11433.0,8,143.2679506712595
11433.0,9,207.16608441623853
11434.0,1,43.933334706205386
11434.0,2,91.27973666831765
11434.0,3,84.99565725168895
11434.0,4,112.41944050122677
11434.0,5,114.27810851202078
11434.0,6,95.71729979423868
11434.0,7,148.38309554313224
11434.0,8,146.40219327223645
11434.0,9,317.6217180271309
11435.0,1,47.81513826606876
11435.0,2,68.52411143131604
11435.0,3,99.92290909778988
11435.0,4,72.19797136605783
11435.0,5,98.23748074229692
11435.0,6,80.20256332186038
11435.0,7,89.72049287630678
11435.0,8,138.82240479548662
11435.0,9,275.23278019533893
11436.0,1,46.9017144373673
11436.0,2,62.6714118705036
11436.0,3,65.87408716475096
11436.0,4,103.05464330808081
11436.0,5,116.85564153439154
11436.0,6,101.14863840996168
11436.0,7,148.82706198426405
11436.0,8,142.5944792084503
11436.0,9,236.45526697280746
11691.0,1,49.9815517526455
11691.0,2,85.47480891994479
11691.0,3,120.07617063492063
11691.0,4,99.27351784634
11691.0,5,111.21602212134314
11691.0,6,165.55970277537693
11691.0,7,151.51195676730333
11691.0,8,228.7964905278842
11691.0,9,487.60884778276034
11692.0,1,47.411682316118934
11692.0,2,79.67875319284802
11692.0,3,100.9466149870801
11692.0,4,86.84857923497269
11692.0,5,165.15459945900957
11692.0,6,154.4741453900709
11692.0,7,72.15771418128655
11692.0,8,220.68103616813295
11692.0,9,754.3075950054289
11693.0,1,58.88880796150481
11693.0,2,64.07720352564102
11693.0,3,65.52745474406991
11693.0,4,69.85674288617886
11693.0,5,49.84710811433841
11693.0,6,54.38950505050505
11693.0,7,94.21284604074775
11693.0,8,172.96934964200477
11693.0,9,262.8155334805004
11694.0,1,47.795787534846674
11694.0,2,117.6083024691358
11694.0,3,131.25633382280958
11694.0,4,116.38815365190365
11694.0,5,85.06200735764556
11694.0,6,65.83976784932106
11694.0,7,50.122825292397664
11694.0,8,96.47019799825935
11694.0,9,252.66591807909606
11695.0,1,11.330694444444445
11695.0,4,40.99768518518518
11695.0,5,418.23111111111115
11695.0,6,12.893888888888888
11695.0,7,5.36699074074074
11695.0,8,23.046944444444446
11695.0,9,28.37472222222222
11697.0,1,272.13368055555554
11697.0,2,307.65212962962966
11697.0,3,18.64361111111111
11697.0,4,21.2412922705314
11697.0,5,160.08791666666664
11697.0,6,73.53636904761905
11697.0,7,82.75878841607565
11697.0,8,245.90492424242422
11697.0,9,203.88197368421052
12345.0,1,4.250925925925926
12345.0,2,21.009055555555555
12345.0,3,8.338888888888889
12345.0,5,0.6030555555555556
12345.0,6,0.18244444444444446
12345.0,7,323.7090972222222
12345.0,8,0.6279861111111111
12345.0,9,0.30069444444444443
